{
  "georgia/atlanta": "location-684",
  "florida/boca-raton": "location-776",
  "florida/fort-lauderdale": "location-803",
  "florida/tampa": "location-885",
  "california/beverly-hills": "location-936",
  "texas/dallas": "location-1255",
  "texas/houston": "location-1323",
  "california/los-angeles": "location-1362",
  "illinois/chicago": "location-1430",
  "texas/austin": "location-1475",
  "new-york/brooklyn": "location-1477",
  "tennessee/nashville": "location-1476",
  "florida/orlando": "location-1499"
}
